Linux;kali;1707410615.884649;2024-02-08 17:43:35.884656;../bin/main.py;LAPTOP-C9JC0TN4;
Linux;kali;1707410781.5622103;2024-02-08 17:46:21.562215;../bin/main.py;LAPTOP-C9JC0TN4;
Linux;kali;1707410978.514893;2024-02-08 17:49:38.514899;../bin/main.py;LAPTOP-C9JC0TN4;
Linux;kali;1707457899.6247907;2024-02-09 06:51:39.624798;../bin/main.py;LAPTOP-C9JC0TN4;
Linux;kali;1707463507.9643087;2024-02-09 08:25:07.964319;../bin/main.py;LAPTOP-C9JC0TN4;
Linux;kali;1707463688.9018288;2024-02-09 08:28:08.901838;../bin/main.py;LAPTOP-C9JC0TN4;
Linux;kali;1707464579.9883242;2024-02-09 08:42:59.988333;../bin/main.py;LAPTOP-C9JC0TN4;
Linux;kali;1707464722.166678;2024-02-09 08:45:22.166686;../bin/main.py;LAPTOP-C9JC0TN4;
Linux;kali;1707464885.5079224;2024-02-09 08:48:05.507930;../bin/main.py;LAPTOP-C9JC0TN4;
Linux;kali;1707464979.8475044;2024-02-09 08:49:39.847513;../bin/main.py;LAPTOP-C9JC0TN4;
Linux;kali;1707466516.635554;2024-02-09 09:15:16.635561;../bin/main.py;LAPTOP-C9JC0TN4;
Linux;kali;1707466737.3019357;2024-02-09 09:18:57.301943;../bin/main.py;LAPTOP-C9JC0TN4;
Linux;kali;1707467089.5129657;2024-02-09 09:24:49.512973;../bin/main.py;LAPTOP-C9JC0TN4;
Linux;kali;1707467177.0199344;2024-02-09 09:26:17.019963;../bin/main.py;LAPTOP-C9JC0TN4;
Linux;kali;1707467333.5517256;2024-02-09 09:28:53.551736;../bin/main.py;LAPTOP-C9JC0TN4;
Linux;kali;1707467792.418645;2024-02-09 09:36:32.418658;../bin/main.py;LAPTOP-C9JC0TN4;
Linux;kali;1707468037.9347742;2024-02-09 09:40:37.934782;../bin/main.py;LAPTOP-C9JC0TN4;
Linux;kali;1707482450.7323737;2024-02-09 13:40:50.732380;../bin/main.py;LAPTOP-C9JC0TN4;
Linux;kali;1707483829.4229069;2024-02-09 14:03:49.422914;../bin/main.py;LAPTOP-C9JC0TN4;
Linux;kali;1707483885.7885535;2024-02-09 14:04:45.788560;../bin/main.py;LAPTOP-C9JC0TN4;
Linux;kali;1707483958.0091097;2024-02-09 14:05:58.009116;../bin/main.py;LAPTOP-C9JC0TN4;
Linux;kali;1707484144.0011144;2024-02-09 14:09:04.001121;../bin/main.py;LAPTOP-C9JC0TN4;
Linux;kali;1707548189.5352588;2024-02-10 07:56:29.535266;../bin/main.py;LAPTOP-C9JC0TN4;
Linux;kali;1707548480.7209246;2024-02-10 08:01:20.720931;../bin/main.py;LAPTOP-C9JC0TN4;
Linux;kali;1707549666.2386339;2024-02-10 08:21:06.238641;../bin/main.py;LAPTOP-C9JC0TN4;
